{
  "mode": "baseline",
  "k": 5,
  "n_questions": 24,
  "hit_rate_at_k": 0.4583333333333333,
  "mrr_at_k": 0.2041666666666667,
  "recall_at_k": 0.2513888888888889
}